create table Departments (
	departmentid INT,
	type VARCHAR(12),
	primary key(departmentid))engine = innodb;
	
insert into Departments (departmentid, type) values (1, 'SPEA'),
(2, 'INFO'),
(3, 'EDUC'),
(4, 'BUS'),
(5, 'MATH');



create table Majors (
	majorid INT,
	gradreq INT,
	departmentid INT,
	primary key(majorid),
	foreign key (departmentid) REFERENCES Departments (departmentid))engine = innodb;

insert into Majors (majorid, gradreq, departmentid)
values (1, 15, 1),
(2, 18, 2),
(3, 17, 3),
(4, 20, 4),
(5, 16, 5);




create table Advisors (
	advisorid INT,
	fname VARCHAR(50),
	lname VARCHAR(50),
	expertise VARCHAR(12),
	departmentid INT,
	primary key(advisorid),
	foreign key(departmentid) REFERENCES Departments (departmentid))engine = innodb;
	
insert into Advisors (advisorid, fname, lname, expertise, departmentid) values (1, 'Yoshi', 'MacVaugh', 'MATH', 5),
(2, 'Katrina', 'Hitchens', 'EDUC', 3),
(3, 'Cyril', 'Pauel', 'BUS', 4),
(4, 'Gaile', 'Duxbury', 'INFO', 2),
(5, 'Nerte', 'Skerritt', 'SPEA', 1);





create table Courses (
	course_num INT,
	departmentid INT,
	instructor VARCHAR(50),
	title VARCHAR(35),
	credit_hours INT,
	Primary key (course_num),
	foreign key (departmentid) REFERENCES Departments (departmentid))engine=innodb;

insert into Courses (course_num, departmentid, instructor, title, credit_hours)
values (311, 4, 'Gaylor', 'Business Presentations', 3),
(320, 3, 'Pringer', 'Teaching Practices', 5),
(201, 2, 'Bremner', 'Social Informatics', 5),
(101, 3, 'Rennard', 'Grade Taking', 3),
(300, 1, 'Camel', 'Statistics', 3),
(253, 1, 'Cavet', 'Public Policy', 1),
(425, 1, 'Larne', 'Governmental Accounting', 5),
(210, 2, 'Gull', 'Information Infrastructure', 3),
(205, 3, 'Handscomb', 'Advising', 3),
(453, 3, 'Hacon', 'Conflict Management', 5),
(214, 3, 'Wallsam', 'Class Design', 3),
(356, 1, 'Vivien', 'Non-Profit Accounting', 1),
(471, 2, 'Wartonby', 'Performance Analytics', 3),
(380, 2, 'McWhan', 'Graphic Design', 3),
(265, 3, 'Lawrenson', 'Administration Management', 5),
(401, 1, 'Audas', 'Public Management', 2),
(232, 2, 'Brobyn', 'Health Informatics', 3),
(346, 4, 'Ambrus', 'Into to Ops Management', 5),
(491, 5, 'Surfleet', 'Finite', 5),
(200, 5, 'Moutray Read', 'Calculus', 3);



create table Courses_Prerequisites (
	course_num INT,
	prerequisites INT,
	type VARCHAR(10),
	foreign key (prerequisites) REFERENCES Courses (course_num),
	foreign key (course_num) REFERENCES Courses (course_num))engine=innodb;
	
insert into Courses_Prerequisites (course_num, prerequisites, type) 
values(311, 471,'BUS'),
(320, 453,'EDUC'),
(201, 425,'INFO'),
(101, 401,'EDUC'),
(300, 380,'SPEA'),
(253, 356,'SPEA'),
(425, 346,'SPEA'),
(210, 320,'INFO'),
(205, 311,'EDUC'),
(453, 300,'EDUC'),
(214, 265,'EDUC'),
(356, 253,'SPEA'),
(471, 232,'INFO'),
(380, 214,'INFO'),
(265, 210,'EDUC'),
(401, 200,'SPEA'),
(491, 101,'BUS'),
(232, 201,'INFO'),
(346, 205,'BUS'),
(200, 201,'MATH');



create table Buildings (
	buildingid INT,
	building_name VARCHAR(50),
	street VARCHAR(25),
	city VARCHAR(25),
	state VARCHAR(25),
	zip INT,
	primary key(buildingid))engine = innodb;
	
insert into Buildings (buildingid, building_name, street, city, state, zip) values (501, 'Feil, Price and Monahan', '0661 Roxbury Drive', 'bloomington', 'IN', 47406),
(502, 'Baumbach-Hilpert', '83498 Boyd Terrace', 'bloomington', 'IN', 47406),
(503, 'Paucek', '9 Hollow Ridge Junction', 'bloomington', 'IN', 47406);




create table Rooms (
	roomid INT,
	capacity INT,
	feature VARCHAR(24),
	type VARCHAR(18),
	buildingid INT,
	primary key(roomid),
	foreign key (buildingid) REFERENCES Buildings (buildingid))engine = innodb;
	
insert into Rooms (roomid, capacity, feature, type, buildingid) values (201, 35, 'projector', 'lecture hall', 501),
(202, 38, 'blue tooth', 'lab', 502),
(203, 174, 'microphone', 'lab', 503),
(204, 72, 'microphone', 'lecture hall', 503),
(205, 173, 'wireless screen sharing', 'collaboration room', 502),
(206, 87, 'projector', 'lecture hall', 501),
(207, 47, 'blue tooth', 'collaboration room', 501),
(208, 87, 'projector', 'lecture hall', 503),
(209, 87, 'solstice', 'lab', 502),
(210, 87, 'smart board', 'lecture hall', 503);




create table Faculty (
	facultyid INT,
	roomid INT,
	chairpersonid INT,
	fname VARCHAR(50),
	lname VARCHAR(50),
	type VARCHAR(50),
	Primary key (facultyid),
	Foreign key (roomid) REFERENCES Rooms (roomid),
	Foreign key (chairpersonid) REFERENCES Faculty (facultyid))engine=innodb;
	
insert into Faculty (facultyid, fname, lname, type, roomid, chairpersonid) values (1, 'Ethelbert', 'Maxweell', 'Geological Engineer', 201, 001),
(2, 'Jackson', 'Golton', 'Community Outreach Specialist', 202, 001),
(3, 'Lona', 'Raphael', 'Help Desk Technician', 203, 001),
(4, 'Dianemarie', 'Dunkerley', 'Administrative Assistant II', 204, 001),
(5, 'Grete', 'Wastie', 'Safety Technician III', 205, 001),
(6, 'Margalit', 'Perett', 'Staff Accountant I', 206, 001),
(7, 'Findley', 'Quest', 'Dental Hygienist', 207, 001),
(8, 'Verena', 'Pere', 'Associate Professor', 208, 001),
(9, 'Viv', 'Welden', 'Environmental Specialist', 209, 001),
(10, 'Harrison', 'Bampford', 'Librarian', 210, 001);




create table Faculty_Email (
	facultyid INT,
	email VARCHAR(30),
	type VARCHAR(25),
	foreign key (facultyid) REFERENCES Faculty (facultyid))engine=innodb;
	
insert into Faculty_Email (facultyid, email, type) values (1, 'hen@iu.com', 'work'),
(2, 'tom@campus.com', 'personal'),
(3, 'martin@iu.com', 'work'),
(4, 'mick@iu.com', 'work'),
(5, 'andrew@frontdoor.com', 'personal'),
(6, 'tevin@iu.com', 'work'),
(7, 'harry@levels.com', 'personal'),
(8, 'gary@outback.com', 'personal'),
(9, 'gerald@iu.com', 'work'),
(10, 'tourin@model.com', 'personal'),
(1, 'hen@email.com', 'personal'),
(2, 'tom@iu.com', 'work'),
(3, 'martin@outreach.com', 'personal'),
(4, 'mick@login.com', 'personal'),
(5, 'andrew@iu.com', 'work'),
(6, 'tevin@comeout.com', 'personal'),
(7, 'harry@iu.com', 'work'),
(8, 'gary@iu.com', 'work'),
(9, 'gerald@oneway.com', 'personal'),
(10, 'tourin@iu.com', 'work');




create table Faculty_Phone (
  facultyid INT,
  phone VARCHAR(15),
  type VARCHAR(20),
  foreign key (facultyid) REFERENCES Faculty (facultyid))engine=innodb;
  
insert into Faculty_Phone (facultyid, phone, type) values (1, '260-384-5837', 'Personal'),
(2, '847-4501-9201', 'Work'),
(3, '203-498-3931', 'Personal'),
(4, '317-383-3932', 'Work'),
(5, '840-291-2934', 'Work'),
(6, '260-384-5837', 'Personal'),
(7, '847-294-3482', 'Work'),
(8, '932-938-1234', 'Personal'),
(9, '435-483-1495', 'Work'),
(10, '934-149-9483', 'Personal');




create table Sections (
	sectionid INT,
	roomid INT,
	facultyid INT,
    course_num INT,
	startdate DATE,
	enddate DATE,
	term VARCHAR(15),
	Primary key (sectionid),
	foreign key (roomid) REFERENCES Rooms (roomid),
	foreign key (facultyid) REFERENCES Faculty (facultyid),
    foreign key (course_num) REFERENCES Courses (course_num))engine=innodb;
	
insert into Sections (sectionid, roomid, facultyid, course_num, startdate, enddate, term) values (1002, 201, 1, 300, '2018-08-26', '2018-12-15', 'Fall 2018'),
(1022, 201, 1, 300, '2018-08-26', '2018-12-15', 'Fall 2018'),
(1003, 202, 2, 320, '2018-08-26', '2018-12-15', 'Fall 2018'),
(1023, 202, 2, 320, '2018-08-26', '2018-12-15', 'Fall 2018'),
(1004, 203, 3, 201, '2018-08-26', '2018-12-15', 'Fall 2018'),
(1024, 203, 3, 201, '2018-08-26', '2018-12-15', 'Fall 2018'),
(1005, 204, 4, 101, '2018-08-26', '2018-12-15', 'Fall 2018'),
(1025, 204, 4, 101, '2018-08-26', '2018-12-15', 'Fall 2018'),
(1006, 205, 5, 311, '2019-01-06', '2019-05-03', 'Spring 2019'),
(1026, 205, 5, 311, '2019-01-06', '2019-05-03', 'Spring 2019'),
(1007, 206, 6, 253, '2019-01-06', '2019-05-03', 'Spring 2019'),
(1027, 206, 5, 253, '2019-01-06', '2019-05-03', 'Spring 2019'),
(1008, 207, 7, 425, '2019-01-06', '2019-05-03', 'Spring 2019'),
(1028, 207, 7, 425, '2019-01-06', '2019-05-03', 'Spring 2019'),
(1009, 208, 8, 210, '2019-01-06', '2019-05-03', 'Spring 2019'),
(1029, 208, 8, 210, '2019-01-06', '2019-05-03', 'Spring 2019'),
(1010, 209, 9, 205, '2019-01-06', '2019-05-03', 'Spring 2019'),
(1030, 209, 9, 205, '2019-01-06', '2019-05-03', 'Spring 2019'),
(1011, 210, 10, 453, '2019-08-26', '2019-12-15', 'Fall 2019'),
(1031, 210, 10, 453, '2019-08-26', '2019-12-15', 'Fall 2019'),
(1012, 203, 3, 214, '2018-08-26', '2019-12-15', 'Fall 2019'),
(1032, 203, 3, 214, '2019-08-26', '2019-12-15', 'Fall 2019'),
(1013, 206, 6, 356, '2018-08-26', '2019-12-15', 'Fall 2019'),
(1033, 206, 6, 356, '2019-08-26', '2019-12-15', 'Fall 2019'),
(1014, 202, 2, 471, '2020-01-06', '2020-05-03', 'Spring 2020'),
(1034, 202, 2, 471, '2020-01-06', '2020-05-03', 'Spring 2020'),
(1015, 207, 7, 380, '2020-01-06', '2020-05-03', 'Spring 2020'),
(1035, 207, 2, 380, '2020-01-06', '2020-05-03', 'Spring 2020'),
(1016, 202, 2, 265, '2020-01-06', '2020-05-03', 'Spring 2020'),
(1036, 202, 2, 265, '2020-01-06', '2020-05-03', 'Spring 2020'),
(1017, 206, 3, 401, '2020-01-06', '2020-05-03', 'Spring 2020'),
(1037, 206, 3, 401, '2020-01-06', '2020-05-03', 'Spring 2020'),
(1018, 204, 8, 232, '2020-08-26', '2020-12-15', 'Fall 2020'),
(1038, 204, 8, 232, '2020-08-26', '2020-12-15', 'Fall 2020'),
(1019, 208, 5, 346, '2020-08-26', '2020-12-15', 'Fall 2020'),
(1039, 208, 5, 346, '2020-08-26', '2020-12-15', 'Fall 2020'),
(1020, 201, 7, 491, '2020-08-26', '2020-12-15', 'Fall 2020'),
(1040, 201, 7, 491, '2020-08-26', '2020-12-15', 'Fall 2020'),
(1021, 209, 2, 200, '2020-08-26', '2020-12-15', 'Fall 2020'),
(1041, 209, 2, 200, '2020-08-26', '2020-12-15', 'Fall 2020');


create table Sections_Email (
	sectionid INT,
	email varchar (25),
  foreign key (sectionid) REFERENCES Sections (sectionid))engine=innodb;

insert into Sections_Email (sectionid, email) values (1002, 'section1002@iu.com'),
(1003, 'section1003@iu.com'),
(1004, 'section1004@iu.com'),
(1005, 'section1005@iu.com'),
(1006, 'section1006@iu.com'),
(1007, 'section1007@iu.com'),
(1008, 'section1008@iu.com'),
(1009, 'section1009@iu.com'),
(1010, 'section1010@iu.com'),
(1011, 'section1011@iu.com'),
(1012, 'section1012@iu.com'),
(1013, 'section1013@iu.com'),
(1014, 'section1014@iu.com'),
(1015, 'section1015@iu.com'),
(1016, 'section1016@iu.com'),
(1017, 'section1017@iu.com'),
(1018, 'section1018@iu.com'),
(1019, 'section1019@iu.com'),
(1020, 'section1020@iu.com'),
(1021, 'section1021@iu.com');


create table Sections_Phone (
	sectionid INT,
	phone varchar (25),
  foreign key (sectionid) REFERENCES Sections (sectionid))engine=innodb;

insert into Sections_Phone (sectionid, phone) values (1002, '812-483-0321'),
(1003, '812-623-1765'),
(1004, '812-342-0917'),
(1005, '812-653-9724'),
(1006, '812-764-4834'),
(1007, '812-862-8153'),
(1008, '812-973-3469'),
(1009, '812-431-7042'),
(1010, '812-194-4391'),
(1011, '812-643-7064'),
(1012, '812-834-8236'),
(1013, '812-768-1283'),
(1014, '812-379-1249'),
(1015, '812-675-1287'),
(1016, '812-896-0875'),
(1017, '812-235-3675'),
(1018, '812-453-2347'),
(1019, '812-675-2343'),
(1020, '812-983-6123'),
(1021, '812-436-1358');


create table Students (
	studentid INT,
	advisorid INT,
	fname VARCHAR(50),
	lname VARCHAR(50),
	address VARCHAR(50),
	parent_fname VARCHAR(50),
	parent_lname VARCHAR(50),
	parent_phone VARCHAR(50),
	Primary key (studentid),
	foreign key (advisorid) REFERENCES Advisors (advisorid))engine=innodb;

insert into Students (studentid, fname, lname, address, parent_fname, parent_lname, parent_phone, advisorid) values (1, 'Minni', 'Lerven', '88 Graedel Circle', 'Otha', 'Bilby', '896-280-1736', 2),
(2, 'Zebedee', 'Teulier', '89270 Bayside Park', 'Nevins', 'Iannuzzelli', '237-602-8857', 1),
(3, 'Masha', 'Lindenman', '6 Ridge Oak Drive', 'Colet', 'Papez', '950-180-9960', 4),
(4, 'King', 'Pittoli', '0 Lotheville Circle', 'Alyda', 'Bonett', '530-288-2337', 5),
(5, 'Ana', 'Goulston', '299 Helena Park', 'Bethanne', 'Lassells', '448-488-5022', 2),
(6, 'Kev', 'Petruskevich', '42721 Hintze Junction', 'Uriel', 'Halpin', '408-339-8759', 4),
(7, 'Benny', 'Luberti', '8 Gulseth Parkway', 'Brooke', 'Aviss', '479-449-9212', 3),
(8, 'Saleem', 'Iacomo', '17 Gerald Place', 'Kendricks', 'Creaser', '588-964-0221', 3),
(9, 'Saloma', 'Elmore', '9 Leroy Drive', 'Annie', 'Tuminini', '172-341-0070', 4),
(10, 'Merrielle', 'Oloshin', '62978 Glendale Junction', 'Dody', 'Baggot', '256-564-9858', 5),
(11, 'Gill', 'Feathers', '95719 Jay Trail', 'Othella', 'Woffinden', '204-955-1792', 2),
(12, 'Agatha', 'Dykes', '242 Delaware Place', 'Thaxter', 'Strathdee', '910-232-4632', 4),
(13, 'Mignon', 'Ingles', '9973 Petterle Street', 'Amargo', 'Ferre', '209-179-2116', 1),
(14, 'Wilden', 'Melanaphy', '672 Red Cloud Center', 'Brody', 'Coye', '805-579-3921', 3),
(15, 'Marnie', 'Foord', '06 Village Green Circle', 'Don', 'Montgomery', '407-284-0167', 2);


create table Students_Email (
	studentid INT,
	email VARCHAR(30),
	type VARCHAR(25),
	foreign key (studentid) REFERENCES Students (studentid))engine=innodb;

insert into Students_Email (studentid, email, type) values (1, 'mini@email.com', 'personal'),
(2, 'zebe@everyone.com', 'personal'),
(3, 'mash@row.com', 'personal'),
(4, 'king@iu.com', 'student'),
(5, 'ana@iu.com', 'student'),
(6, 'kev@iu.com', 'student'),
(7, 'ben@thedays.com', 'personal'),
(8, 'saleem@iu.com', 'student'),
(9, 'saloma@iu.com', 'student'),
(10, 'merr@outside.com', 'personal'),
(11, 'gill@iu.com', 'student'),
(12, 'agatha@email.com', 'personal'),
(13, 'mignon@iu.com', 'student'),
(14, 'wilden@inhouse.com', 'personal'),
(15, 'marnie@textus.com', 'personal'),
(1, 'mini@iu.com', 'student'),
(2, 'zebe@iu.com', 'student'),
(3, 'mash@iu.com', 'student'),
(4, 'king@takeout.com', 'personal'),
(5, 'ana@readme.com', 'personal'),
(6, 'kev@drawup.com', 'personal'),
(7, 'ben@iu.com', 'student'),
(8, 'saleem@school.com', 'personal'),
(9, 'saloma@followback.com', 'personal'),
(10, 'merr@iu.com', 'student'),
(11, 'gill@gonefar.com', 'personal'),
(12, 'agatha@iu.com', 'student'),
(13, 'mignon@evening.com', 'personal'),
(14, 'wilden@iu.com', 'student'),
(15, 'marnie@iu.com', 'student');


create table Students_Phone (
  studentid INT,
  phone VARCHAR(15),
  type VARCHAR(20),
  foreign key (studentid) REFERENCES Students (studentid))engine=innodb;

insert into Students_Phone (studentid, phone, type) values (1, '260-579-7751', 'Mobile'),
(1, '812-345-3832', 'Professional'),
(2, '317-888-4352', 'Mobile'),
(2, '239-282-3837', 'Professional'),
(3, '212-345-8954', 'Mobile'),
(3, '293-383-1927', 'Professional'),
(4, '973-883-8734', 'Mobile'),
(4, '393-293-3937', 'Professional'),
(5, '525-234-2243', 'Mobile'),
(5, '539-292-3937', 'Professional'),
(6, '312-424-8888', 'Mobile'),
(6, '939-393-1283', 'Professional'),
(7, '912-349-2492', 'Mobile'),
(7, '684-383-3785', 'Professional'),
(8, '393-483-4934', 'Mobile'),
(8, '978-657-9859', 'Professional'),
(9, '458-223-1834', 'Mobile'),
(9, '483-298-4937', 'Professional'),
(10, '239-573-6109', 'Mobile'),
(10, '348-888-1286', 'Professional'),
(11, '335-859-1209', 'Mobile'),
(11, '293-584-3937', 'Professional'),
(12, '329-674-6847', 'Mobile'),
(12, '353-893-4356', 'Professional'),
(13, '260-546-8395', 'Mobile'),
(13, '383-576-5938', 'Professional'),
(14, '937-493-4947', 'Mobile'),
(14, '316-934-3532', 'Professional'),
(15, '260-393-3894', 'Mobile'),
(15, '260-393-3894', 'Professional');



create table Students_Majors (
	studentid INT,
	majorid INT,
	foreign key (studentid) REFERENCES Students (studentid),
	foreign key (majorid) REFERENCES Majors (majorid))engine = innodb;

insert into Students_Majors (studentid, majorid) values (1,5),
(2,4),
(3,4), 
(4,5),
(5,2),
(6,2),
(7,3),
(8,1),
(9,1),
(10,4),
(11,5),
(12,3),
(13,2),
(14,1),
(15,2);


create table Students_Grades (
	studentid INT,
	sectionid INT,
	GPA INT,
	letter_grade VARCHAR(3),
	foreign key (studentid) REFERENCES Students (studentid),
	foreign key (sectionid) REFERENCES Sections (sectionid))engine=innodb;

insert into Students_Grades (studentid, sectionid, GPA, letter_grade) values (1, 1002, 3.3, 'B+'),
(1, 1003, 2.7, 'B-'),
(1, 1004, 3.0, 'B'),
(1, 1005, 3.7, 'A-'),
(1, 1006, 4.0, 'A'),
(1, 1007, 2.3, 'C+'),
(1, 1008, 2.0, 'C'),
(1, 1009, 3.7, 'A-'),
(1, 1010, 3.0, 'B'),
(1, 1011, 3.7, 'A-'),
(1, 1012, 3.3, 'B+'),
(1, 1013, 3.0, 'B'),
(1, 1014, 3.7, 'A-'),
(1, 1015, 3.7, 'A-'),
(1, 1016, 3.3, 'B+'),
(1, 1017, 3.0, 'B'),
(1, 1018, 2.7, 'B-'),
(1, 1019, 3.3, 'B+'),
(1, 1020, 3.7, 'A-'),
(1, 1021, 2.7, 'B-'),
(2, 1022, 1.7, 'C-'),
(2, 1023, 3.3, 'B+'),
(2, 1024, 3.7, 'A-'),
(2, 1025, 3.3, 'B+'),
(2, 1026, 1.7, 'C-'),
(2, 1027, 1.3, 'D+'),
(2, 1028, 3.7, 'A-'),
(2, 1029, 1.3, 'D+'),
(2, 1030, 3.3, 'B+'),
(2, 1031, 1.3, 'D+'),
(2, 1032, 1.7, 'C-'),
(2, 1033, 4.0, 'A'),
(2, 1034, 3.3, 'B+'),
(2, 1035, 3.3, 'B+'),
(2, 1036, 4.0, 'A'),
(2, 1037, 1.7, 'C-'),
(2, 1038, 4.0, 'A'),
(2, 1039, 1.7, 'C-'),
(2, 1040, 4.0, 'A'),
(2, 1041, 3.0, 'B'),
(3, 1002, 3.0, 'B'),
(3, 1003, 2.3, 'C+'),
(3, 1004, 3.0, 'B'),
(3, 1005, 2.3, 'C+'),
(3, 1006, 2.3, 'C+'),
(3, 1007, 0.0, 'F'),
(3, 1008, 3.7, 'A-'),
(3, 1009, 3.0, 'B'),
(3, 1010, 0.0, 'F'),
(3, 1011, 3.7, 'A-'),
(3, 1012, 3.0, 'B'),
(3, 1013, 2.3, 'C+'),
(3, 1014, 2.3, 'C+'),
(3, 1015, 2.3, 'C+'),
(3, 1016, 3.0, 'B'),
(3, 1017, 2.3, 'C+'),
(3, 1018, 3.7, 'A-'),
(3, 1019, 0.0, 'F'),
(3, 1020, 3.0, 'B'),
(3, 1021, 3.0, 'B'),
(4, 1022, 3.7, 'A-'),
(4, 1023, 1.3, 'D+'),
(4, 1024, 2.7, 'B-'),
(4, 1025, 4.0, 'A+'),
(4, 1026, 3.0, 'B'),
(4, 1027, 1.7, 'C-'),
(4, 1028, 4.0, 'A+'),
(4, 1029, 3.3, 'B+'),
(4, 1030, 2.7, 'B-'),
(4, 1031, 3.3, 'B+'),
(4, 1032, 2.7, 'B-'),
(4, 1033, 3.7, 'A-'),
(4, 1034, 2.3, 'C+'),
(4, 1035, 2.7, 'B-'),
(4, 1036, 3.3, 'B+'),
(4, 1037, 3.0, 'B'),
(4, 1038, 3.7, 'A-'),
(4, 1039, 2.0, 'C'),
(4, 1040, 2.7, 'B-'),
(4, 1041, 4.0, 'A+'),
(5, 1002, 3.0, 'B'),
(5, 1003, 2.0, 'C+'),
(5, 1004, 3.7, 'A'),
(5, 1005, 3.3, 'B'),
(5, 1006, 3.7, 'A'),
(5, 1007, 2.3, 'C+'),
(5, 1008, 2.0, 'C'),
(5, 1009, 3.3, 'B'),
(5, 1010, 0.0, 'F'),
(5, 1011, 2.7, 'B-'),
(5, 1012, 3.0, 'B'),
(5, 1013, 3.7, 'A'),
(5, 1014, 3.3, 'B'),
(5, 1015, 2.7, 'B-'),
(5, 1016, 2.0, 'C'),
(5, 1017, 3.0, 'B'),
(5, 1018, 3.3, 'B+'),
(5, 1019, 3.0, 'B'),
(5, 1020, 3.0, 'B'),
(5, 1021, 3.7, 'A'),
(6, 1022, 3.7, 'A-'),
(6, 1023, 3.0, 'B'),
(6, 1024, 2.7, 'B-'),
(6, 1025, 3.0, 'B'),
(6, 1026, 3.0, 'B'),
(6, 1027, 3.3, 'B+'),
(6, 1028, 4.0, 'A+'),
(6, 1029, 3.3, 'B+'),
(6, 1030, 3.0, 'B'),
(6, 1031, 2.7, 'B-'),
(6, 1032, 3.7, 'A-'),
(6, 1033, 4.0, 'A+'),
(6, 1034, 2.0, 'C'),
(6, 1035, 3.3, 'B+'),
(6, 1036, 3.7, 'A-'),
(6, 1037, 2.0, 'C'),
(6, 1038, 0.0, 'F'),
(6, 1039, 3.3, 'B+'),
(6, 1040, 4.0, 'A+'),
(6, 1041, 3.0, 'B'),
(7, 1002, 3.7, 'A-'),
(7, 1003, 3.3, 'B+'),
(7, 1004, 2.3, 'C+'),
(7, 1005, 2.7, 'B-'),
(7, 1006, 3.0, 'B'),
(7, 1007, 2.0, 'C'),
(7, 1008, 3.3, 'B+'),
(7, 1009, 1.0, 'D'),
(7, 1010, 3.0, 'B'),
(7, 1011, 4.0, 'A'),
(7, 1012, 0.0, 'F'),
(7, 1013, 2.7, 'B-'),
(7, 1014, 3.7, 'A-'),
(7, 1015, 2.3, 'C+'),
(7, 1016, 3.0, 'B'),
(7, 1017, 4.0, 'A'),
(7, 1018, 3.7, 'A-'),
(7, 1019, 3.3, 'B+'),
(7, 1020, 3.0, 'B'),
(7, 1021, 2.0, 'C'),
(8, 1022, 2.7, 'B-'),
(8, 1023, 3.7, 'A-'),
(8, 1024, 3.3, 'B+'),
(8, 1025, 2.0, 'C'),
(8, 1026, 2.3, 'C+'),
(8, 1027, 1.0, 'D'),
(8, 1028, 2.3, 'C+'),
(8, 1029, 3.7, 'A-'),
(8, 1030, 3.3, 'B+'),
(8, 1031, 2.7, 'B-'),
(8, 1032, 3.7, 'A-'),
(8, 1033, 2.7, 'B-'),
(8, 1034, 4.0, 'A'),
(8, 1035, 3.3, 'B+'),
(8, 1036, 2.0, 'C'),
(8, 1037, 3.3, 'B+'),
(8, 1038, 4.0, 'A'),
(8, 1039, 3.7, 'A-'),
(8, 1040, 3.3, 'B+'),
(8, 1041, 2.3, 'C+'),
(9, 1002, 3.3, 'B+'),
(9, 1003, 4.0, 'A'),
(9, 1004, 3.0, 'B'),
(9, 1005, 2.3, 'C+'),
(9, 1006, 2.7, 'B-'),
(9, 1007, 3.0, 'B'),
(9, 1008, 3.7, 'A-'),
(9, 1009, 4.0, 'A'),
(9, 1010, 2.3, 'C+'),
(9, 1011, 3.3, 'B+'),
(9, 1012, 3.7, 'A-'),
(9, 1013, 3.0, 'B'),
(9, 1014, 3.7, 'A-'),
(9, 1015, 4.0, 'A'),
(9, 1016, 2.3, 'C+'),
(9, 1017, 3.7, 'A-'),
(9, 1018, 3.3, 'B+'),
(9, 1019, 2.7, 'B-'),
(9, 1020, 2.7, 'B-'),
(9, 1021, 3.3, 'B+'),
(10, 1022, 2.3, 'C+'),
(10, 1023, 3.0, 'B'),
(10, 1024, 2.0, 'C'),
(10, 1025, 2.3, 'C+'),
(10, 1026, 3.3, 'B+'),
(10, 1027, 2.0, 'C'),
(10, 1028, 2.7, 'B-'),
(10, 1029, 2.3, 'C+'),
(10, 1030, 3.0, 'B'),
(10, 1031, 2.0, 'C'),
(10, 1032, 2.7, 'B-'),
(10, 1033, 2.3, 'C+'),
(10, 1034, 2.7, 'B-'),
(10, 1035, 2.7, 'B-'),
(10, 1036, 2.3, 'C+'),
(10, 1037, 3.0, 'B'),
(10, 1038, 2.0, 'C'),
(10, 1039, 3.3, 'B+'),
(10, 1040, 2.3, 'C+'),
(10, 1041, 3.3, 'B+'),
(11, 1002, 3.7, 'A-'),
(11, 1003, 3.3, 'B+'),
(11, 1004, 3.0, 'B'),
(11, 1005, 3.7, 'A-'),
(11, 1006, 2.7, 'B-'),
(11, 1007, 3.3, 'B+'),
(11, 1008, 2.3, 'C+'),
(11, 1009, 2.7, 'B-'),
(11, 1010, 2.0, 'C'),
(11, 1011, 3.0, 'B'),
(11, 1012, 1.7, 'C-'),
(11, 1013, 3.0, 'B'),
(11, 1014, 3.3, 'B+'),
(11, 1015, 3.7, 'A-'),
(11, 1016, 2.3, 'C+'),
(11, 1017, 3.3, 'B+'),
(11, 1018, 3.0, 'B'),
(11, 1019, 1.0, 'D'),
(11, 1020, 0.0, 'F'),
(11, 1021, 1.7, 'C-'),
(12, 1022, 3.0, 'B'),
(12, 1023, 1.3, 'D+'),
(12, 1024, 2.0, 'C'),
(12, 1025, 2.3, 'C+'),
(12, 1026, 4.0, 'A+'),
(12, 1027, 3.7, 'A-'),
(12, 1028, 2.7, 'B-'),
(12, 1029, 0.7, 'D-'),
(12, 1030, 3.0, 'B'),
(12, 1031, 2.3, 'C+'),
(12, 1032, 0.7, 'D-'),
(12, 1033, 2.3, 'C+'),
(12, 1034, 2.0, 'C'),
(12, 1035, 2.7, 'B-'),
(12, 1036, 3.7, 'A-'),
(12, 1037, 3.0, 'B'),
(12, 1038, 3.0, 'B'),
(12, 1039, 2.0, 'C'),
(12, 1040, 2.7, 'B-'),
(12, 1041, 3.7, 'A-'),
(13, 1002, 2.0, 'C'),
(13, 1003, 2.7, 'B-'),
(13, 1004, 3.0, 'B'),
(13, 1005, 4.0, 'A+'),
(13, 1006, 3.3, 'B+'),
(13, 1007, 1.7, 'C-'),
(13, 1008, 3.0, 'B'),
(13, 1009, 1.0, 'D'),
(13, 1010, 3.7, 'A-'),
(13, 1011, 0.0, 'F'),
(13, 1012, 3.0, 'B'),
(13, 1013, 0.7, 'D-'),
(13, 1014, 3.0, 'B'),
(13, 1015, 0.7, 'D-'),
(13, 1016, 3.0, 'B'),
(13, 1017, 3.7, 'A-'),
(13, 1018, 2.7, 'B-'),
(13, 1019, 3.0, 'B'),
(13, 1020, 1.0, 'D'),
(13, 1021, 2.7, 'B-'),
(14, 1022, 2.3, 'C+'),
(14, 1023, 2.0, 'C'),
(14, 1024, 3.0, 'B'),
(14, 1025, 2.7, 'B-'),
(14, 1026, 2.3, 'C+'),
(14, 1027, 3.7, 'A-'),
(14, 1028, 2.7, 'B-'),
(14, 1029, 2.3, 'C+'),
(14, 1030, 3.7, 'A-'),
(14, 1031, 3.0, 'B'),
(14, 1032, 1.7, 'C-'),
(14, 1033, 2.3, 'C+'),
(14, 1034, 1.0, 'D'),
(14, 1035, 1.7, 'C-'),
(14, 1036, 2.7, 'B-'),
(14, 1037, 1.0, 'D'),
(14, 1038, 2.3, 'C+'),
(14, 1039, 1.7, 'C-'),
(14, 1040, 4.0, 'A+'),
(14, 1041, 1.0, 'D'),
(15, 1002, 3.0, 'B'),
(15, 1003, 2.3, 'C+'),
(15, 1004, 2.7, 'B-'),
(15, 1005, 0.0, 'F'),
(15, 1006, 2.3, 'C+'),
(15, 1007, 4.0, 'A+'),
(15, 1008, 0.0, 'F'),
(15, 1009, 3.3, 'B+'),
(15, 1010, 2.3, 'C+'),
(15, 1011, 3.0, 'B'),
(15, 1012, 1.3, 'D+'),
(15, 1013, 2.7, 'B-'),
(15, 1014, 3.0, 'B'),
(15, 1015, 4.0, 'A+'),
(15, 1016, 1.7, 'C-'),
(15, 1017, 1.3, 'D+'),
(15, 1018, 1.7, 'C-'),
(15, 1019, 4.0, 'A+'),
(15, 1020, 1.3, 'D+'),
(15, 1021, 2.7, 'B-');
